n,OpenBLAS_GFLOPS,cuBLAS_GFLOPS
2,0.179104,0.00855513
4,1.64384,0.0585938
8,12.9438,0.389892
16,41.9807,3.04478
32,91.8677,3.56155
64,30.9707,15.8125
128,105.561,116.043
256,286.377,911.141
512,435.065,1059.99
1024,500.392,1102.51
2048,543.841,1188.02
4096,552.412,1637.57
8192,560.649,1653.35
16384,554.92,1627.62