n,OpenBLAS_GFLOPS,cuBLAS_GFLOPS
2,0.104575,0.00270433
4,1.23871,0.0260417
8,11.9533,0.215569
16,30.3033,1.39012
32,72.737,1.25689
64,35.6594,5.40611
128,74.6291,39.8319
256,250.208,320.416
512,490.769,355.787
1024,702.575,368.109
2048,925.673,396.486
4096,1128.9,545.913
8192,1171.56,555.183
16384,1177.32,543.507