Threads,Seq_time_ms,Thr_time_ms,Speedup
1,1.52381,2.01867,0.76
2,1.53025,1.13803,1.34
3,1.52710,0.91011,1.68
4,1.52650,0.71759,2.13
