Processes,Wall_Time
1,4.529864
2,2.457255
4,1.136023
8,0.678483
16,0.509588
