threads,time_s,approx_length
1,0.0890231,6.166759469
2,0.0460143,6.166759469
4,0.0238185,6.166759469
8,0.0175273,6.166759469
16,0.0145577,6.166759469
