threads,time_s,approx_length
1,0.0945399,6.166759469227491
2,0.0459235,6.16675946922812
4,0.0241428,6.1667594692284755
8,0.017331,6.166759469228172
16,0.0159539,6.1667594692278795
