procs,time_s,approx_length
1,0.0894395,6.166759469
2,0.0452141,6.166759469
4,0.0223377,6.166759469
8,0.0111613,6.166759469
16,0.00558728,6.166759469
32,0.00283176,6.166759469
