procs,time_s,approx_length
1,0.434712,6.166759469228054
2,0.217007,6.1667594692280545
4,0.108545,6.166759469228055
8,0.0543768,6.1667594692280545
16,0.0272386,6.1667594692280545
32,0.0136975,6.1667594692280545
