n,approx_length,error
10,6.157039011,0.00972045822805434
100,6.166658242,0.00010122722805494533
1000,6.166758457,1.0122280542645967e-06
10000,6.166759459,1.0228054847516432e-08
100000,6.166759469,2.2805490829114206e-10
1000000,6.166759469,2.2805490829114206e-10
