n,avg_time_cufft_s,gflops_cufft
16,0.000182,32.48
32,0.000136,433.90
64,0.000526,1076.80
128,0.004532,1166.12
256,0.033375,1447.73
