n,avg_time_fftw_s,gflops_fftw
16,0.000138,42.68
32,0.001340,44.02
64,0.017498,32.36
128,0.408400,12.94
256,2.751101,17.56
